{"cameraMode":{"drawMode":0,"name":"Shaded","section":"Shading Mode"},"sceneLighting":false,"audioPlay":false,"sceneViewState":{"m_AlwaysRefresh":false,"showFog":true,"showSkybox":false,"showFlares":true,"showImageEffects":true,"showParticleSystems":true,"showVisualEffectGraphs":true,"m_FxEnabled":true},"in2DMode":false,"pivot":{"x":0.0010037422180175782,"y":1.648301124572754,"z":-0.13388538360595704},"rotation":{"x":0.18518486618995667,"y":-0.8060815930366516,"z":0.3259952962398529,"w":0.45790740847587588},"size":16.13532829284668,"orthographic":false}