{"cameraMode":{"drawMode":0,"name":"Shaded","section":"Shading Mode"},"sceneLighting":false,"audioPlay":false,"sceneViewState":{"m_AlwaysRefresh":false,"showFog":false,"showSkybox":false,"showFlares":false,"showImageEffects":false,"showParticleSystems":false,"showVisualEffectGraphs":true,"m_FxEnabled":true},"in2DMode":false,"pivot":{"x":-0.23081421852111817,"y":0.8953299522399902,"z":0.3712371587753296},"rotation":{"x":-0.03278369456529617,"y":0.9665485620498657,"z":-0.19724728167057038,"w":-0.1606445014476776},"size":0.8823832869529724,"orthographic":false}