{"cameraMode":{"drawMode":0,"name":"Shaded","section":"Shading Mode"},"sceneLighting":true,"audioPlay":false,"sceneViewState":{"m_AlwaysRefresh":false,"showFog":true,"showSkybox":true,"showFlares":true,"showImageEffects":true,"showParticleSystems":true,"showVisualEffectGraphs":true,"m_FxEnabled":true},"in2DMode":false,"pivot":{"x":0.056334346532821658,"y":-0.8527555465698242,"z":8.614289283752442},"rotation":{"x":-0.4213777184486389,"y":0.011419548653066159,"z":-0.00530643854290247,"w":-0.9067987203598023},"size":6.467854976654053,"orthographic":false}