{"cameraMode":{"drawMode":0,"name":"Shaded","section":"Shading Mode"},"sceneLighting":false,"audioPlay":false,"sceneViewState":{"m_AlwaysRefresh":false,"showFog":false,"showSkybox":false,"showFlares":false,"showImageEffects":false,"showParticleSystems":false,"showVisualEffectGraphs":true,"m_FxEnabled":true},"in2DMode":false,"pivot":{"x":-0.000011026859283447266,"y":0.907849907875061,"z":-0.04887031763792038},"rotation":{"x":-0.14565150439739228,"y":0.7777737379074097,"z":-0.19554369151592256,"w":-0.5793271660804749},"size":1.2046165466308594,"orthographic":false}